pdb_id,af3,boltz-1,chai-1,protenix,RFAA
8VL9,0.624311924,0.654128432,0.65619266,0.96536696,0.005733945
8VLB,0.683716059,0.723903954,0.711377859,0.712943614,0.033402923
8OV6,0.02058059,0.069974005,0.047010399,0.07777296,0.024696708
8EWV,0.630139351,0.67020905,0.339792788,0.520731688,0.120034844