pdb_id,af3,boltz-1,chai-1,protenix,RFAA
8VL9,11.50200462,13.74021149,8.544407845,0.387621999,18.91414833
8VLB,9.329277992,16.09084702,8.455080032,18.97904968,19.05135918
8OV6,24.0240097,15.65610886,17.3893261,17.17319298,25.8866272
8EWV,5.237425804,5.071074486,12.32282352,7.970454693,8.509131432